Nissan almera,код запчасти,Toyota corolla,код запчасти,
97000,,200000,,
фильтр масляный,NISSAN 15208-00QAC,фильтр масляный,SAKURA C1139,
фильтр воздушный,FILTRON AP1851,фильтр воздушный,MASUMA MFA1136,
масло 5w-30,ENEOS 889478942216,масло 0w-30,IDEMITSU 3615004,
Фильтр салона,SAKURA CA18310,фильтр салона,MASUMA MC231CL,
,,,,
,,,,
комплект грм Gates,K035671XS,,,4500р
ремень приводной,K016PK1823XS,,,1450р
заглушка,20751 ROSTECO,,,
заглушка,20771 ROSTECO,,,15р
Лампа подсветки кнопок,904674,,,
,,,,
втулка кпп металл,341394AA0A,,,
втулка кпп пластик,131100Q0D,,,
,,,,
,,,,
втулки для кпп,8200038292,,,
,7700872205,,,
,7700732903,2 шт,,